{
  "overall_metrics": {
    "dice": 0.9852384861801967,
    "jaccard": 0.9709064373869729,
    "sensitivity": 0.9766699645740912,
    "specificity": 0.9993658435133633,
    "precision": 0.9939586852020268,
    "accuracy": 0.9971752978720783,
    "tp": 61204,
    "fp": 372,
    "fn": 1462,
    "tn": 586234,
    "hd95": 0.0,
    "assd": 0.10549775860610675
  },
  "statistical_analysis": {
    "dice": {
      "mean": 0.977095608587052,
      "std": 0.09581208005745698,
      "median": 1.0,
      "min": 0.0,
      "max": 1.0,
      "q25": 1.0,
      "q75": 1.0,
      "ci_lower": 0.8333333333333334,
      "ci_upper": 1.0,
      "sample_size": 3978
    },
    "sensitivity": {
      "mean": 0.9730790737387743,
      "std": 0.10279248471795907,
      "median": 1.0,
      "min": 0.0,
      "max": 1.0,
      "q25": 1.0,
      "q75": 1.0,
      "ci_lower": 0.7777777777777778,
      "ci_upper": 1.0,
      "sample_size": 3978
    },
    "specificity": {
      "mean": 0.9959972397916858,
      "std": 0.057167533202562855,
      "median": 1.0,
      "min": 0.0,
      "max": 1.0,
      "q25": 1.0,
      "q75": 1.0,
      "ci_lower": 0.9880679662303169,
      "ci_upper": 1.0,
      "sample_size": 3978
    },
    "precision": {
      "mean": 0.9845847713110828,
      "std": 0.0955560373878174,
      "median": 1.0,
      "min": 0.0,
      "max": 1.0,
      "q25": 1.0,
      "q75": 1.0,
      "ci_lower": 0.8571428571428571,
      "ci_upper": 1.0,
      "sample_size": 3978
    }
  },
  "sample_size": 649272,
  "patient_count": 3978,
  "evaluation_timestamp": "2025-10-07 18:56:24"
}